Metric,Value
Mean c,0.06398813582749051
CI,0.14814410574056405
Mean b,0.7667223872607777
Mean R2,0.8963706048120698
Valid Fits,43.0
